Place,Time,Marking
p0,4.34,1
p0,4.34,2
p0,4.34,1
P11,4.34,1
p0,4.34,0
P11,4.34,2
P11,4.34,1
P12,4.34,1
pI1,4.34,0
P12,4.34,1
pI1,4.34,0
P12,9.23,0
P13,9.23,1
pI1,9.23,1
P13,9.23,0
p0,13.3,1
p0,13.3,2
p0,13.3,1
P21,13.3,1
p0,13.3,0
P21,13.3,2
P21,13.3,1
P22,13.3,1
pI2,13.3,0
P22,13.3,1
pI2,13.3,0
P22,18.92,0
P23,18.92,1
pI2,18.92,1
P23,18.92,0
p0,26.23,1
p0,26.23,2
p0,26.23,1
P21,26.23,1
p0,26.23,0
P21,26.23,2
P21,26.23,1
P22,26.23,1
pI2,26.23,0
P22,26.23,1
pI2,26.23,0
p0,26.69,1
p0,26.69,2
p0,26.69,1
P11,26.69,1
p0,26.69,0
P11,26.69,2
P11,26.69,1
P12,26.69,1
pI1,26.69,0
P12,26.69,1
pI1,26.69,0
P22,30.93,0
P23,30.93,1
pI2,30.93,1
P23,30.93,0
P12,31.33,0
P13,31.33,1
pI1,31.33,1
P13,31.33,0
p0,32.92,1
p0,32.92,2
p0,32.92,1
P11,32.92,1
p0,32.92,0
P11,32.92,2
P11,32.92,1
P12,32.92,1
pI1,32.92,0
P12,32.92,1
pI1,32.92,0
p0,34.27,1
p0,34.27,2
p0,34.27,1
P11,34.27,1
p0,34.27,0
P11,34.27,2
P12,37.83,0
P13,37.83,1
pI1,37.83,1
P13,37.83,0
P11,37.83,1
P12,37.83,1
pI1,37.83,0
P12,37.83,1
pI1,37.83,0
P12,42.65,0
P13,42.65,1
pI1,42.65,1
P13,42.65,0
p0,56.42,1
p0,56.42,2
p0,56.42,1
P11,56.42,1
p0,56.42,0
P11,56.42,2
P11,56.42,1
P12,56.42,1
pI1,56.42,0
P12,56.42,1
pI1,56.42,0
P12,61.42,0
P13,61.42,1
pI1,61.42,1
P13,61.42,0
p0,71.68,1
p0,71.68,2
p0,71.68,1
P21,71.68,1
p0,71.68,0
P21,71.68,2
P21,71.68,1
P22,71.68,1
pI2,71.68,0
P22,71.68,1
pI2,71.68,0
p0,76.68,1
p0,76.68,2
p0,76.68,1
P11,76.68,1
p0,76.68,0
P11,76.68,2
P11,76.68,1
P12,76.68,1
pI1,76.68,0
P12,76.68,1
pI1,76.68,0
P22,76.74,0
P23,76.74,1
pI2,76.74,1
P23,76.74,0
p0,80.6,1
p0,80.6,2
p0,80.6,1
P11,80.6,1
p0,80.6,0
P11,80.6,2
P12,81.32,0
P13,81.32,1
pI1,81.32,1
P13,81.32,0
P11,81.32,1
P12,81.32,1
pI1,81.32,0
P12,81.32,1
pI1,81.32,0
p0,82.77,1
p0,82.77,2
p0,82.77,1
P21,82.77,1
p0,82.77,0
P21,82.77,2
P21,82.77,1
P22,82.77,1
pI2,82.77,0
P22,82.77,1
pI2,82.77,0
P12,86.14,0
P13,86.14,1
pI1,86.14,1
P13,86.14,0
P22,87.62,0
P23,87.62,1
pI2,87.62,1
P23,87.62,0
p0,110.67,1
p0,110.67,2
p0,110.67,1
P21,110.67,1
p0,110.67,0
P21,110.67,2
P21,110.67,1
P22,110.67,1
pI2,110.67,0
P22,110.67,1
pI2,110.67,0
P22,115.42,0
P23,115.42,1
pI2,115.42,1
P23,115.42,0
p0,115.49,1
p0,115.49,2
p0,115.49,1
P21,115.49,1
p0,115.49,0
P21,115.49,2
P21,115.49,1
P22,115.49,1
pI2,115.49,0
P22,115.49,1
pI2,115.49,0
P22,120.12,0
P23,120.12,1
pI2,120.12,1
P23,120.12,0
p0,126.24,1
p0,126.24,2
p0,126.24,1
P11,126.24,1
p0,126.24,0
P11,126.24,2
P11,126.24,1
P12,126.24,1
pI1,126.24,0
P12,126.24,1
pI1,126.24,0
P12,131.24,0
P13,131.24,1
pI1,131.24,1
P13,131.24,0
p0,131.37,1
p0,131.37,2
p0,131.37,1
P11,131.37,1
p0,131.37,0
P11,131.37,2
P11,131.37,1
P12,131.37,1
pI1,131.37,0
P12,131.37,1
pI1,131.37,0
p0,135.72,1
p0,135.72,2
p0,135.72,1
P11,135.72,1
p0,135.72,0
P11,135.72,2
P12,135.91,0
P13,135.91,1
pI1,135.91,1
P11,135.91,1
P12,135.91,1
pI1,135.91,0
P12,135.91,1
pI1,135.91,0
P13,135.91,0
p0,138.24,1
p0,138.24,2
p0,138.24,1
P21,138.24,1
p0,138.24,0
P21,138.24,2
P21,138.24,1
P22,138.24,1
pI2,138.24,0
P22,138.24,1
pI2,138.24,0
p0,138.68,1
p0,138.68,2
p0,138.68,1
P21,138.68,1
p0,138.68,0
P21,138.68,2
P12,140.93,0
P13,140.93,1
pI1,140.93,1
P13,140.93,0
P22,143.62,0
P23,143.62,1
pI2,143.62,1
P21,143.62,1
P22,143.62,1
pI2,143.62,0
P22,143.62,1
pI2,143.62,0
P23,143.62,0
p0,145.04,1
p0,145.04,2
p0,145.04,1
P11,145.04,1
p0,145.04,0
P11,145.04,2
P11,145.04,1
P12,145.04,1
pI1,145.04,0
P12,145.04,1
pI1,145.04,0
P22,148.43,0
P23,148.43,1
pI2,148.43,1
P23,148.43,0
P12,150.12,0
P13,150.12,1
pI1,150.12,1
P13,150.12,0
p0,159.46,1
p0,159.46,2
p0,159.46,1
P11,159.46,1
p0,159.46,0
P11,159.46,2
P11,159.46,1
P12,159.46,1
pI1,159.46,0
P12,159.46,1
pI1,159.46,0
P12,164.07,0
P13,164.07,1
pI1,164.07,1
P13,164.07,0
p0,187.35,1
p0,187.35,2
p0,187.35,1
P11,187.35,1
p0,187.35,0
P11,187.35,2
P11,187.35,1
P12,187.35,1
pI1,187.35,0
P12,187.35,1
pI1,187.35,0
P12,191.87,0
P13,191.87,1
pI1,191.87,1
P13,191.87,0
p0,208.85,1
p0,208.85,2
p0,208.85,1
P21,208.85,1
p0,208.85,0
P21,208.85,2
P21,208.85,1
P22,208.85,1
pI2,208.85,0
P22,208.85,1
pI2,208.85,0
p0,213.44,1
p0,213.44,2
p0,213.44,1
P11,213.44,1
p0,213.44,0
P11,213.44,2
P11,213.44,1
P12,213.44,1
pI1,213.44,0
P12,213.44,1
pI1,213.44,0
P22,213.62,0
P23,213.62,1
pI2,213.62,1
P23,213.62,0
P12,218.55,0
P13,218.55,1
pI1,218.55,1
P13,218.55,0
p0,247.78,1
p0,247.78,2
p0,247.78,1
P11,247.78,1
p0,247.78,0
P11,247.78,2
P11,247.78,1
P12,247.78,1
pI1,247.78,0
P12,247.78,1
pI1,247.78,0
P12,252.75,0
P13,252.75,1
pI1,252.75,1
P13,252.75,0
p0,273.39,1
p0,273.39,2
p0,273.39,1
P21,273.39,1
p0,273.39,0
P21,273.39,2
P21,273.39,1
P22,273.39,1
pI2,273.39,0
P22,273.39,1
pI2,273.39,0
p0,276.5,1
p0,276.5,2
p0,276.5,1
P11,276.5,1
p0,276.5,0
P11,276.5,2
P11,276.5,1
P12,276.5,1
pI1,276.5,0
P12,276.5,1
pI1,276.5,0
P22,278.33,0
P23,278.33,1
pI2,278.33,1
P23,278.33,0
P12,281.32,0
P13,281.32,1
pI1,281.32,1
P13,281.32,0
p0,292.92,1
p0,292.92,2
p0,292.92,1
P11,292.92,1
p0,292.92,0
P11,292.92,2
P11,292.92,1
P12,292.92,1
pI1,292.92,0
P12,292.92,1
pI1,292.92,0
P12,297.65,0
P13,297.65,1
pI1,297.65,1
P13,297.65,0
p0,321.62,1
p0,321.62,2
p0,321.62,1
P21,321.62,1
p0,321.62,0
P21,321.62,2
P21,321.62,1
P22,321.62,1
pI2,321.62,0
P22,321.62,1
pI2,321.62,0
p0,326.15,1
p0,326.15,2
p0,326.15,1
P11,326.15,1
p0,326.15,0
P11,326.15,2
P11,326.15,1
P12,326.15,1
pI1,326.15,0
P12,326.15,1
pI1,326.15,0
P22,326.56,0
P23,326.56,1
pI2,326.56,1
P23,326.56,0
p0,327.83,1
p0,327.83,2
p0,327.83,1
P21,327.83,1
p0,327.83,0
P21,327.83,2
P21,327.83,1
P22,327.83,1
pI2,327.83,0
P22,327.83,1
pI2,327.83,0
p0,328.42,1
p0,328.42,2
p0,328.42,1
P21,328.42,1
p0,328.42,0
P21,328.42,2
P12,331.0,0
P13,331.0,1
pI1,331.0,1
P13,331.0,0
P22,332.69,0
P23,332.69,1
pI2,332.69,1
P21,332.69,1
P22,332.69,1
pI2,332.69,0
P22,332.69,1
pI2,332.69,0
P23,332.69,0
P22,337.64,0
P23,337.64,1
pI2,337.64,1
P23,337.64,0
p0,341.48,1
p0,341.48,2
p0,341.48,1
P21,341.48,1
p0,341.48,0
P21,341.48,2
P21,341.48,1
P22,341.48,1
pI2,341.48,0
P22,341.48,1
pI2,341.48,0
p0,342.86,1
p0,342.86,2
p0,342.86,1
P11,342.86,1
p0,342.86,0
P11,342.86,2
P11,342.86,1
P12,342.86,1
pI1,342.86,0
P12,342.86,1
pI1,342.86,0
P22,346.75,0
P23,346.75,1
pI2,346.75,1
P23,346.75,0
P12,347.44,0
P13,347.44,1
pI1,347.44,1
P13,347.44,0
p0,413.41,1
p0,413.41,2
p0,413.41,1
P11,413.41,1
p0,413.41,0
P11,413.41,2
P11,413.41,1
P12,413.41,1
pI1,413.41,0
P12,413.41,1
pI1,413.41,0
p0,418.57,1
p0,418.57,2
p0,418.57,1
P11,418.57,1
p0,418.57,0
P11,418.57,2
P12,418.82,0
P13,418.82,1
pI1,418.82,1
P11,418.82,1
P12,418.82,1
pI1,418.82,0
P12,418.82,1
pI1,418.82,0
P13,418.82,0
P12,423.87,0
P13,423.87,1
pI1,423.87,1
P13,423.87,0
p0,424.06,1
p0,424.06,2
p0,424.06,1
P21,424.06,1
p0,424.06,0
P21,424.06,2
P21,424.06,1
P22,424.06,1
pI2,424.06,0
P22,424.06,1
pI2,424.06,0
p0,425.39,1
p0,425.39,2
p0,425.39,1
P21,425.39,1
p0,425.39,0
P21,425.39,2
P22,429.17,0
P23,429.17,1
pI2,429.17,1
P23,429.17,0
P21,429.17,1
P22,429.17,1
pI2,429.17,0
P22,429.17,1
pI2,429.17,0
P22,434.55,0
P23,434.55,1
pI2,434.55,1
P23,434.55,0
p0,441.06,1
p0,441.06,2
p0,441.06,1
P11,441.06,1
p0,441.06,0
P11,441.06,2
P11,441.06,1
P12,441.06,1
pI1,441.06,0
P12,441.06,1
pI1,441.06,0
P12,446.34,0
P13,446.34,1
pI1,446.34,1
P13,446.34,0
p0,451.47,1
p0,451.47,2
p0,451.47,1
P11,451.47,1
p0,451.47,0
P11,451.47,2
P11,451.47,1
P12,451.47,1
pI1,451.47,0
P12,451.47,1
pI1,451.47,0
p0,451.94,1
p0,451.94,2
p0,451.94,1
P11,451.94,1
p0,451.94,0
P11,451.94,2
P12,456.05,0
P13,456.05,1
pI1,456.05,1
P13,456.05,0
P11,456.05,1
P12,456.05,1
pI1,456.05,0
P12,456.05,1
pI1,456.05,0
p0,457.19,1
p0,457.19,2
p0,457.19,1
P21,457.19,1
p0,457.19,0
P21,457.19,2
P21,457.19,1
P22,457.19,1
pI2,457.19,0
P22,457.19,1
pI2,457.19,0
P12,460.81,0
P13,460.81,1
pI1,460.81,1
P13,460.81,0
P22,462.49,0
P23,462.49,1
pI2,462.49,1
P23,462.49,0
p0,463.52,1
p0,463.52,2
p0,463.52,1
P11,463.52,1
p0,463.52,0
P11,463.52,2
P11,463.52,1
P12,463.52,1
pI1,463.52,0
P12,463.52,1
pI1,463.52,0
P12,468.6,0
P13,468.6,1
pI1,468.6,1
P13,468.6,0
p0,479.7,1
p0,479.7,2
p0,479.7,1
P21,479.7,1
p0,479.7,0
P21,479.7,2
P21,479.7,1
P22,479.7,1
pI2,479.7,0
P22,479.7,1
pI2,479.7,0
p0,481.87,1
p0,481.87,2
p0,481.87,1
P11,481.87,1
p0,481.87,0
P11,481.87,2
P11,481.87,1
P12,481.87,1
pI1,481.87,0
P12,481.87,1
pI1,481.87,0
P22,484.49,0
P23,484.49,1
pI2,484.49,1
P23,484.49,0
P12,486.63,0
P13,486.63,1
pI1,486.63,1
P13,486.63,0
p0,527.88,1
p0,527.88,2
p0,527.88,1
P11,527.88,1
p0,527.88,0
P11,527.88,2
P11,527.88,1
P12,527.88,1
pI1,527.88,0
P12,527.88,1
pI1,527.88,0
p0,531.96,1
p0,531.96,2
p0,531.96,1
P11,531.96,1
p0,531.96,0
P11,531.96,2
P12,532.71,0
P13,532.71,1
pI1,532.71,1
P11,532.71,1
P12,532.71,1
pI1,532.71,0
P12,532.71,1
pI1,532.71,0
P13,532.71,0
P12,537.67,0
P13,537.67,1
pI1,537.67,1
P13,537.67,0
p0,546.0,1
p0,546.0,2
p0,546.0,1
P21,546.0,1
p0,546.0,0
P21,546.0,2
P21,546.0,1
P22,546.0,1
pI2,546.0,0
P22,546.0,1
pI2,546.0,0
P22,550.97,0
P23,550.97,1
pI2,550.97,1
P23,550.97,0
p0,555.52,1
p0,555.52,2
p0,555.52,1
P11,555.52,1
p0,555.52,0
P11,555.52,2
P11,555.52,1
P12,555.52,1
pI1,555.52,0
P12,555.52,1
pI1,555.52,0
P12,560.17,0
P13,560.17,1
pI1,560.17,1
P13,560.17,0
p0,583.16,1
p0,583.16,2
p0,583.16,1
P11,583.16,1
p0,583.16,0
P11,583.16,2
P11,583.16,1
P12,583.16,1
pI1,583.16,0
P12,583.16,1
pI1,583.16,0
p0,583.72,1
p0,583.72,2
p0,583.72,1
P21,583.72,1
p0,583.72,0
P21,583.72,2
P21,583.72,1
P22,583.72,1
pI2,583.72,0
P22,583.72,1
pI2,583.72,0
p0,588.0,1
p0,588.0,2
p0,588.0,1
P11,588.0,1
p0,588.0,0
P11,588.0,2
P12,588.19,0
P13,588.19,1
pI1,588.19,1
P11,588.19,1
P12,588.19,1
pI1,588.19,0
P12,588.19,1
pI1,588.19,0
P13,588.19,0
P22,588.87,0
P23,588.87,1
pI2,588.87,1
P23,588.87,0
P12,592.91,0
P13,592.91,1
pI1,592.91,1
P13,592.91,0
p0,603.1,1
p0,603.1,2
p0,603.1,1
P21,603.1,1
p0,603.1,0
P21,603.1,2
P21,603.1,1
P22,603.1,1
pI2,603.1,0
P22,603.1,1
pI2,603.1,0
P22,608.56,0
P23,608.56,1
pI2,608.56,1
P23,608.56,0
p0,614.05,1
p0,614.05,2
p0,614.05,1
P21,614.05,1
p0,614.05,0
P21,614.05,2
P21,614.05,1
P22,614.05,1
pI2,614.05,0
P22,614.05,1
pI2,614.05,0
p0,618.12,1
p0,618.12,2
p0,618.12,1
P11,618.12,1
p0,618.12,0
P11,618.12,2
P11,618.12,1
P12,618.12,1
pI1,618.12,0
P12,618.12,1
pI1,618.12,0
P22,618.87,0
P23,618.87,1
pI2,618.87,1
P23,618.87,0
P12,622.95,0
P13,622.95,1
pI1,622.95,1
P13,622.95,0
p0,626.06,1
p0,626.06,2
p0,626.06,1
P11,626.06,1
p0,626.06,0
P11,626.06,2
P11,626.06,1
P12,626.06,1
pI1,626.06,0
P12,626.06,1
pI1,626.06,0
P12,630.96,0
P13,630.96,1
pI1,630.96,1
P13,630.96,0
p0,653.65,1
p0,653.65,2
p0,653.65,1
P11,653.65,1
p0,653.65,0
P11,653.65,2
P11,653.65,1
P12,653.65,1
pI1,653.65,0
P12,653.65,1
pI1,653.65,0
p0,655.21,1
p0,655.21,2
p0,655.21,1
P11,655.21,1
p0,655.21,0
P11,655.21,2
P12,658.56,0
P13,658.56,1
pI1,658.56,1
P13,658.56,0
P11,658.56,1
P12,658.56,1
pI1,658.56,0
P12,658.56,1
pI1,658.56,0
p0,661.43,1
p0,661.43,2
p0,661.43,1
P21,661.43,1
p0,661.43,0
P21,661.43,2
P21,661.43,1
P22,661.43,1
pI2,661.43,0
P22,661.43,1
pI2,661.43,0
p0,662.82,1
p0,662.82,2
p0,662.82,1
P11,662.82,1
p0,662.82,0
P11,662.82,2
P12,663.28,0
P13,663.28,1
pI1,663.28,1
P13,663.28,0
P11,663.28,1
P12,663.28,1
pI1,663.28,0
P12,663.28,1
pI1,663.28,0
P22,666.6,0
P23,666.6,1
pI2,666.6,1
P23,666.6,0
P12,668.1,0
P13,668.1,1
pI1,668.1,1
P13,668.1,0
p0,668.52,1
p0,668.52,2
p0,668.52,1
P11,668.52,1
p0,668.52,0
P11,668.52,2
P11,668.52,1
P12,668.52,1
pI1,668.52,0
P12,668.52,1
pI1,668.52,0
P12,673.6,0
P13,673.6,1
pI1,673.6,1
P13,673.6,0
p0,685.15,1
p0,685.15,2
p0,685.15,1
P21,685.15,1
p0,685.15,0
P21,685.15,2
P21,685.15,1
P22,685.15,1
pI2,685.15,0
P22,685.15,1
pI2,685.15,0
p0,685.46,1
p0,685.46,2
p0,685.46,1
P11,685.46,1
p0,685.46,0
P11,685.46,2
P11,685.46,1
P12,685.46,1
pI1,685.46,0
P12,685.46,1
pI1,685.46,0
p0,689.69,1
p0,689.69,2
p0,689.69,1
P11,689.69,1
p0,689.69,0
P11,689.69,2
P22,690.07,0
P23,690.07,1
pI2,690.07,1
P23,690.07,0
P12,690.26,0
P13,690.26,1
pI1,690.26,1
P13,690.26,0
P11,690.26,1
P12,690.26,1
pI1,690.26,0
P12,690.26,1
pI1,690.26,0
P12,695.11,0
P13,695.11,1
pI1,695.11,1
P13,695.11,0
p0,696.67,1
p0,696.67,2
p0,696.67,1
P11,696.67,1
p0,696.67,0
P11,696.67,2
P11,696.67,1
P12,696.67,1
pI1,696.67,0
P12,696.67,1
pI1,696.67,0
P12,701.33,0
P13,701.33,1
pI1,701.33,1
P13,701.33,0
p0,711.06,1
p0,711.06,2
p0,711.06,1
P11,711.06,1
p0,711.06,0
P11,711.06,2
P11,711.06,1
P12,711.06,1
pI1,711.06,0
P12,711.06,1
pI1,711.06,0
p0,714.41,1
p0,714.41,2
p0,714.41,1
P11,714.41,1
p0,714.41,0
P11,714.41,2
P12,716.3,0
P13,716.3,1
pI1,716.3,1
P11,716.3,1
P12,716.3,1
pI1,716.3,0
P12,716.3,1
pI1,716.3,0
P13,716.3,0
P12,720.65,0
P13,720.65,1
pI1,720.65,1
P13,720.65,0
p0,728.67,1
p0,728.67,2
p0,728.67,1
P21,728.67,1
p0,728.67,0
P21,728.67,2
P21,728.67,1
P22,728.67,1
pI2,728.67,0
P22,728.67,1
pI2,728.67,0
P22,733.76,0
P23,733.76,1
pI2,733.76,1
P23,733.76,0
p0,737.2,1
p0,737.2,2
p0,737.2,1
P21,737.2,1
p0,737.2,0
P21,737.2,2
P21,737.2,1
P22,737.2,1
pI2,737.2,0
P22,737.2,1
pI2,737.2,0
P22,742.61,0
P23,742.61,1
pI2,742.61,1
P23,742.61,0
p0,754.05,1
p0,754.05,2
p0,754.05,1
P11,754.05,1
p0,754.05,0
P11,754.05,2
P11,754.05,1
P12,754.05,1
pI1,754.05,0
P12,754.05,1
pI1,754.05,0
P12,759.36,0
P13,759.36,1
pI1,759.36,1
P13,759.36,0
p0,762.98,1
p0,762.98,2
p0,762.98,1
P11,762.98,1
p0,762.98,0
P11,762.98,2
P11,762.98,1
P12,762.98,1
pI1,762.98,0
P12,762.98,1
pI1,762.98,0
P12,768.46,0
P13,768.46,1
pI1,768.46,1
P13,768.46,0
p0,775.4,1
p0,775.4,2
p0,775.4,1
P21,775.4,1
p0,775.4,0
P21,775.4,2
P21,775.4,1
P22,775.4,1
pI2,775.4,0
P22,775.4,1
pI2,775.4,0
p0,776.49,1
p0,776.49,2
p0,776.49,1
P11,776.49,1
p0,776.49,0
P11,776.49,2
P11,776.49,1
P12,776.49,1
pI1,776.49,0
P12,776.49,1
pI1,776.49,0
p0,778.84,1
p0,778.84,2
p0,778.84,1
P21,778.84,1
p0,778.84,0
P21,778.84,2
P22,780.29,0
P23,780.29,1
pI2,780.29,1
P23,780.29,0
P21,780.29,1
P22,780.29,1
pI2,780.29,0
P22,780.29,1
pI2,780.29,0
P12,781.69,0
P13,781.69,1
pI1,781.69,1
P13,781.69,0
P22,785.2,0
P23,785.2,1
pI2,785.2,1
P23,785.2,0
p0,811.79,1
p0,811.79,2
p0,811.79,1
P21,811.79,1
p0,811.79,0
P21,811.79,2
P21,811.79,1
P22,811.79,1
pI2,811.79,0
P22,811.79,1
pI2,811.79,0
P22,816.38,0
P23,816.38,1
pI2,816.38,1
P23,816.38,0
p0,819.25,1
p0,819.25,2
p0,819.25,1
P11,819.25,1
p0,819.25,0
P11,819.25,2
P11,819.25,1
P12,819.25,1
pI1,819.25,0
P12,819.25,1
pI1,819.25,0
p0,823.45,1
p0,823.45,2
p0,823.45,1
P21,823.45,1
p0,823.45,0
P21,823.45,2
P21,823.45,1
P22,823.45,1
pI2,823.45,0
P22,823.45,1
pI2,823.45,0
P12,823.69,0
P13,823.69,1
pI1,823.69,1
P13,823.69,0
P22,828.09,0
P23,828.09,1
pI2,828.09,1
P23,828.09,0
p0,829.8,1
p0,829.8,2
p0,829.8,1
P21,829.8,1
p0,829.8,0
P21,829.8,2
P21,829.8,1
P22,829.8,1
pI2,829.8,0
P22,829.8,1
pI2,829.8,0
P22,834.61,0
P23,834.61,1
pI2,834.61,1
P23,834.61,0
p0,841.42,1
p0,841.42,2
p0,841.42,1
P11,841.42,1
p0,841.42,0
P11,841.42,2
P11,841.42,1
P12,841.42,1
pI1,841.42,0
P12,841.42,1
pI1,841.42,0
P12,846.18,0
P13,846.18,1
pI1,846.18,1
P13,846.18,0
p0,848.1,1
p0,848.1,2
p0,848.1,1
P21,848.1,1
p0,848.1,0
P21,848.1,2
P21,848.1,1
P22,848.1,1
pI2,848.1,0
P22,848.1,1
pI2,848.1,0
P22,852.95,0
P23,852.95,1
pI2,852.95,1
P23,852.95,0
p0,859.53,1
p0,859.53,2
p0,859.53,1
P21,859.53,1
p0,859.53,0
P21,859.53,2
P21,859.53,1
P22,859.53,1
pI2,859.53,0
P22,859.53,1
pI2,859.53,0
P22,864.43,0
P23,864.43,1
pI2,864.43,1
P23,864.43,0
p0,871.49,1
p0,871.49,2
p0,871.49,1
P11,871.49,1
p0,871.49,0
P11,871.49,2
P11,871.49,1
P12,871.49,1
pI1,871.49,0
P12,871.49,1
pI1,871.49,0
P12,876.17,0
P13,876.17,1
pI1,876.17,1
P13,876.17,0
p0,881.34,1
p0,881.34,2
p0,881.34,1
P11,881.34,1
p0,881.34,0
P11,881.34,2
P11,881.34,1
P12,881.34,1
pI1,881.34,0
P12,881.34,1
pI1,881.34,0
P12,885.83,0
P13,885.83,1
pI1,885.83,1
P13,885.83,0
p0,893.33,1
p0,893.33,2
p0,893.33,1
P11,893.33,1
p0,893.33,0
P11,893.33,2
P11,893.33,1
P12,893.33,1
pI1,893.33,0
P12,893.33,1
pI1,893.33,0
p0,896.32,1
p0,896.32,2
p0,896.32,1
P11,896.32,1
p0,896.32,0
P11,896.32,2
p0,896.65,1
p0,896.65,2
p0,896.65,1
P21,896.65,1
p0,896.65,0
P21,896.65,2
P21,896.65,1
P22,896.65,1
pI2,896.65,0
P22,896.65,1
pI2,896.65,0
P12,897.91,0
P13,897.91,1
pI1,897.91,1
P13,897.91,0
P11,897.91,1
P12,897.91,1
pI1,897.91,0
P12,897.91,1
pI1,897.91,0
P22,901.3,0
P23,901.3,1
pI2,901.3,1
P23,901.3,0
P12,903.07,0
P13,903.07,1
pI1,903.07,1
P13,903.07,0
p0,903.08,1
p0,903.08,2
p0,903.08,1
P21,903.08,1
p0,903.08,0
P21,903.08,2
P21,903.08,1
P22,903.08,1
pI2,903.08,0
P22,903.08,1
pI2,903.08,0
P22,907.72,0
P23,907.72,1
pI2,907.72,1
P23,907.72,0
p0,909.39,1
p0,909.39,2
p0,909.39,1
P11,909.39,1
p0,909.39,0
P11,909.39,2
P11,909.39,1
P12,909.39,1
pI1,909.39,0
P12,909.39,1
pI1,909.39,0
P12,914.39,0
P13,914.39,1
pI1,914.39,1
P13,914.39,0
p0,917.87,1
p0,917.87,2
p0,917.87,1
P21,917.87,1
p0,917.87,0
P21,917.87,2
P21,917.87,1
P22,917.87,1
pI2,917.87,0
P22,917.87,1
pI2,917.87,0
P22,922.87,0
P23,922.87,1
pI2,922.87,1
P23,922.87,0
p0,930.18,1
p0,930.18,2
p0,930.18,1
P11,930.18,1
p0,930.18,0
P11,930.18,2
P11,930.18,1
P12,930.18,1
pI1,930.18,0
P12,930.18,1
pI1,930.18,0
P12,934.9,0
P13,934.9,1
pI1,934.9,1
P13,934.9,0
p0,948.6,1
p0,948.6,2
p0,948.6,1
P11,948.6,1
p0,948.6,0
P11,948.6,2
P11,948.6,1
P12,948.6,1
pI1,948.6,0
P12,948.6,1
pI1,948.6,0
p0,949.36,1
p0,949.36,2
p0,949.36,1
P21,949.36,1
p0,949.36,0
P21,949.36,2
P21,949.36,1
P22,949.36,1
pI2,949.36,0
P22,949.36,1
pI2,949.36,0
P12,953.44,0
P13,953.44,1
pI1,953.44,1
P13,953.44,0
p0,954.15,1
p0,954.15,2
p0,954.15,1
P21,954.15,1
p0,954.15,0
P21,954.15,2
P22,954.4,0
P23,954.4,1
pI2,954.4,1
P23,954.4,0
P21,954.4,1
P22,954.4,1
pI2,954.4,0
P22,954.4,1
pI2,954.4,0
p0,958.55,1
p0,958.55,2
p0,958.55,1
P21,958.55,1
p0,958.55,0
P21,958.55,2
P22,959.14,0
P23,959.14,1
pI2,959.14,1
P21,959.14,1
P22,959.14,1
pI2,959.14,0
P22,959.14,1
pI2,959.14,0
P23,959.14,0
P22,963.83,0
P23,963.83,1
pI2,963.83,1
P23,963.83,0
p0,975.37,1
p0,975.37,2
p0,975.37,1
P11,975.37,1
p0,975.37,0
P11,975.37,2
P11,975.37,1
P12,975.37,1
pI1,975.37,0
P12,975.37,1
pI1,975.37,0
P12,980.15,0
P13,980.15,1
pI1,980.15,1
P13,980.15,0
p0,992.95,1
p0,992.95,2
p0,992.95,1
P21,992.95,1
p0,992.95,0
P21,992.95,2
P21,992.95,1
P22,992.95,1
pI2,992.95,0
P22,992.95,1
pI2,992.95,0
p0,995.25,1
p0,995.25,2
p0,995.25,1
P11,995.25,1
p0,995.25,0
P11,995.25,2
P11,995.25,1
P12,995.25,1
pI1,995.25,0
P12,995.25,1
pI1,995.25,0
P22,997.9,0
P23,997.9,1
pI2,997.9,1
P23,997.9,0
P12,999.68,0
P13,999.68,1
pI1,999.68,1
P13,999.68,0
p0,1005.11,1
p0,1005.11,2
p0,1005.11,1
P21,1005.11,1
p0,1005.11,0
P21,1005.11,2
P21,1005.11,1
P22,1005.11,1
pI2,1005.11,0
P22,1005.11,1
pI2,1005.11,0
P22,1010.14,0
P23,1010.14,1
pI2,1010.14,1
P23,1010.14,0
p0,1014.61,1
p0,1014.61,2
p0,1014.61,1
P21,1014.61,1
p0,1014.61,0
P21,1014.61,2
P21,1014.61,1
P22,1014.61,1
pI2,1014.61,0
P22,1014.61,1
pI2,1014.61,0
P22,1019.65,0
P23,1019.65,1
pI2,1019.65,1
P23,1019.65,0
p0,1045.91,1
p0,1045.91,2
p0,1045.91,1
P11,1045.91,1
p0,1045.91,0
P11,1045.91,2
P11,1045.91,1
P12,1045.91,1
pI1,1045.91,0
P12,1045.91,1
pI1,1045.91,0
P12,1051.02,0
P13,1051.02,1
pI1,1051.02,1
P13,1051.02,0
p0,1069.1,1
p0,1069.1,2
p0,1069.1,1
P21,1069.1,1
p0,1069.1,0
P21,1069.1,2
P21,1069.1,1
P22,1069.1,1
pI2,1069.1,0
P22,1069.1,1
pI2,1069.1,0
P22,1074.17,0
P23,1074.17,1
pI2,1074.17,1
P23,1074.17,0
p0,1084.04,1
p0,1084.04,2
p0,1084.04,1
P11,1084.04,1
p0,1084.04,0
P11,1084.04,2
P11,1084.04,1
P12,1084.04,1
pI1,1084.04,0
P12,1084.04,1
pI1,1084.04,0
P12,1088.66,0
P13,1088.66,1
pI1,1088.66,1
P13,1088.66,0
p0,1089.41,1
p0,1089.41,2
p0,1089.41,1
P21,1089.41,1
p0,1089.41,0
P21,1089.41,2
P21,1089.41,1
P22,1089.41,1
pI2,1089.41,0
P22,1089.41,1
pI2,1089.41,0
P22,1093.94,0
P23,1093.94,1
pI2,1093.94,1
P23,1093.94,0
p0,1096.52,1
p0,1096.52,2
p0,1096.52,1
P11,1096.52,1
p0,1096.52,0
P11,1096.52,2
P11,1096.52,1
P12,1096.52,1
pI1,1096.52,0
P12,1096.52,1
pI1,1096.52,0
p0,1098.85,1
p0,1098.85,2
p0,1098.85,1
P21,1098.85,1
p0,1098.85,0
P21,1098.85,2
P21,1098.85,1
P22,1098.85,1
pI2,1098.85,0
P22,1098.85,1
pI2,1098.85,0
p0,1100.51,1
p0,1100.51,2
p0,1100.51,1
P21,1100.51,1
p0,1100.51,0
P21,1100.51,2
P12,1102.11,0
P13,1102.11,1
pI1,1102.11,1
P13,1102.11,0
p0,1102.74,1
p0,1102.74,2
p0,1102.74,1
P21,1102.74,3
p0,1102.74,0
P21,1102.74,4
P22,1103.61,0
P23,1103.61,1
pI2,1103.61,1
P21,1103.61,3
P22,1103.61,1
pI2,1103.61,0
P22,1103.61,1
pI2,1103.61,0
P23,1103.61,0
P22,1108.56,0
P23,1108.56,1
pI2,1108.56,1
P23,1108.56,0
P21,1108.56,1
P22,1108.56,1
pI2,1108.56,0
P22,1108.56,1
pI2,1108.56,0
P22,1113.59,0
P23,1113.59,1
pI2,1113.59,1
P23,1113.59,0
p0,1155.73,1
p0,1155.73,2
p0,1155.73,1
P21,1155.73,1
p0,1155.73,0
P21,1155.73,2
P21,1155.73,1
P22,1155.73,1
pI2,1155.73,0
P22,1155.73,1
pI2,1155.73,0
P22,1161.03,0
P23,1161.03,1
pI2,1161.03,1
P23,1161.03,0
p0,1179.3,1
p0,1179.3,2
p0,1179.3,1
P11,1179.3,1
p0,1179.3,0
P11,1179.3,2
P11,1179.3,1
P12,1179.3,1
pI1,1179.3,0
P12,1179.3,1
pI1,1179.3,0
P12,1184.11,0
P13,1184.11,1
pI1,1184.11,1
P13,1184.11,0
p0,1232.35,1
p0,1232.35,2
p0,1232.35,1
P11,1232.35,1
p0,1232.35,0
P11,1232.35,2
P11,1232.35,1
P12,1232.35,1
pI1,1232.35,0
P12,1232.35,1
pI1,1232.35,0
p0,1236.79,1
p0,1236.79,2
p0,1236.79,1
P21,1236.79,1
p0,1236.79,0
P21,1236.79,2
P21,1236.79,1
P22,1236.79,1
pI2,1236.79,0
P22,1236.79,1
pI2,1236.79,0
P12,1237.44,0
P13,1237.44,1
pI1,1237.44,1
P13,1237.44,0
P22,1241.64,0
P23,1241.64,1
pI2,1241.64,1
P23,1241.64,0
p0,1258.39,1
p0,1258.39,2
p0,1258.39,1
P21,1258.39,1
p0,1258.39,0
P21,1258.39,2
P21,1258.39,1
P22,1258.39,1
pI2,1258.39,0
P22,1258.39,1
pI2,1258.39,0
P22,1263.6,0
P23,1263.6,1
pI2,1263.6,1
P23,1263.6,0
p0,1264.03,1
p0,1264.03,2
p0,1264.03,1
P21,1264.03,1
p0,1264.03,0
P21,1264.03,2
P21,1264.03,1
P22,1264.03,1
pI2,1264.03,0
P22,1264.03,1
pI2,1264.03,0
p0,1264.23,1
p0,1264.23,2
p0,1264.23,1
P11,1264.23,1
p0,1264.23,0
P11,1264.23,2
P11,1264.23,1
P12,1264.23,1
pI1,1264.23,0
P12,1264.23,1
pI1,1264.23,0
p0,1268.09,1
p0,1268.09,2
p0,1268.09,1
P11,1268.09,1
p0,1268.09,0
P11,1268.09,2
P22,1269.04,0
P23,1269.04,1
pI2,1269.04,1
P23,1269.04,0
P12,1269.57,0
P13,1269.57,1
pI1,1269.57,1
P13,1269.57,0
P11,1269.57,1
P12,1269.57,1
pI1,1269.57,0
P12,1269.57,1
pI1,1269.57,0
P12,1273.98,0
P13,1273.98,1
pI1,1273.98,1
P13,1273.98,0
p0,1283.8,1
p0,1283.8,2
p0,1283.8,1
P21,1283.8,1
p0,1283.8,0
P21,1283.8,2
P21,1283.8,1
P22,1283.8,1
pI2,1283.8,0
P22,1283.8,1
pI2,1283.8,0
p0,1284.83,1
p0,1284.83,2
p0,1284.83,1
P21,1284.83,1
p0,1284.83,0
P21,1284.83,2
p0,1286.98,1
p0,1286.98,2
p0,1286.98,1
P11,1286.98,1
p0,1286.98,0
P11,1286.98,2
P11,1286.98,1
P12,1286.98,1
pI1,1286.98,0
P12,1286.98,1
pI1,1286.98,0
P22,1289.18,0
P23,1289.18,1
pI2,1289.18,1
P23,1289.18,0
P21,1289.18,1
P22,1289.18,1
pI2,1289.18,0
P22,1289.18,1
pI2,1289.18,0
P12,1291.76,0
P13,1291.76,1
pI1,1291.76,1
P13,1291.76,0
P22,1294.29,0
P23,1294.29,1
pI2,1294.29,1
P23,1294.29,0
p0,1306.69,1
p0,1306.69,2
p0,1306.69,1
P11,1306.69,1
p0,1306.69,0
P11,1306.69,2
P11,1306.69,1
P12,1306.69,1
pI1,1306.69,0
P12,1306.69,1
pI1,1306.69,0
P12,1311.48,0
P13,1311.48,1
pI1,1311.48,1
P13,1311.48,0
p0,1322.62,1
p0,1322.62,2
p0,1322.62,1
P21,1322.62,1
p0,1322.62,0
P21,1322.62,2
P21,1322.62,1
P22,1322.62,1
pI2,1322.62,0
P22,1322.62,1
pI2,1322.62,0
p0,1322.91,1
p0,1322.91,2
p0,1322.91,1
P21,1322.91,1
p0,1322.91,0
P21,1322.91,2
P22,1327.59,0
P23,1327.59,1
pI2,1327.59,1
P23,1327.59,0
P21,1327.59,1
P22,1327.59,1
pI2,1327.59,0
P22,1327.59,1
pI2,1327.59,0
P22,1332.43,0
P23,1332.43,1
pI2,1332.43,1
P23,1332.43,0
p0,1332.55,1
p0,1332.55,2
p0,1332.55,1
P21,1332.55,1
p0,1332.55,0
P21,1332.55,2
P21,1332.55,1
P22,1332.55,1
pI2,1332.55,0
P22,1332.55,1
pI2,1332.55,0
p0,1334.55,1
p0,1334.55,2
p0,1334.55,1
P11,1334.55,1
p0,1334.55,0
P11,1334.55,2
P11,1334.55,1
P12,1334.55,1
pI1,1334.55,0
P12,1334.55,1
pI1,1334.55,0
p0,1335.48,1
p0,1335.48,2
p0,1335.48,1
P11,1335.48,1
p0,1335.48,0
P11,1335.48,2
P22,1337.11,0
P23,1337.11,1
pI2,1337.11,1
P23,1337.11,0
P12,1339.32,0
P13,1339.32,1
pI1,1339.32,1
P11,1339.32,1
P12,1339.32,1
pI1,1339.32,0
P12,1339.32,1
pI1,1339.32,0
P13,1339.32,0
p0,1339.49,1
p0,1339.49,2
p0,1339.49,1
P21,1339.49,1
p0,1339.49,0
P21,1339.49,2
P21,1339.49,1
P22,1339.49,1
pI2,1339.49,0
P22,1339.49,1
pI2,1339.49,0
P12,1344.21,0
P13,1344.21,1
pI1,1344.21,1
P13,1344.21,0
P22,1344.49,0
P23,1344.49,1
pI2,1344.49,1
P23,1344.49,0
p0,1348.25,1
p0,1348.25,2
p0,1348.25,1
P21,1348.25,1
p0,1348.25,0
P21,1348.25,2
P21,1348.25,1
P22,1348.25,1
pI2,1348.25,0
P22,1348.25,1
pI2,1348.25,0
p0,1348.73,1
p0,1348.73,2
p0,1348.73,1
P11,1348.73,1
p0,1348.73,0
P11,1348.73,2
P11,1348.73,1
P12,1348.73,1
pI1,1348.73,0
P12,1348.73,1
pI1,1348.73,0
P22,1352.88,0
P23,1352.88,1
pI2,1352.88,1
P23,1352.88,0
P12,1353.02,0
P13,1353.02,1
pI1,1353.02,1
P13,1353.02,0
p0,1391.6,1
p0,1391.6,2
p0,1391.6,1
P21,1391.6,1
p0,1391.6,0
P21,1391.6,2
P21,1391.6,1
P22,1391.6,1
pI2,1391.6,0
P22,1391.6,1
pI2,1391.6,0
P22,1396.43,0
P23,1396.43,1
pI2,1396.43,1
P23,1396.43,0
p0,1422.34,1
p0,1422.34,2
p0,1422.34,1
P21,1422.34,1
p0,1422.34,0
P21,1422.34,2
P21,1422.34,1
P22,1422.34,1
pI2,1422.34,0
P22,1422.34,1
pI2,1422.34,0
P22,1427.35,0
P23,1427.35,1
pI2,1427.35,1
P23,1427.35,0
p0,1430.67,1
p0,1430.67,2
p0,1430.67,1
P21,1430.67,1
p0,1430.67,0
P21,1430.67,2
P21,1430.67,1
P22,1430.67,1
pI2,1430.67,0
P22,1430.67,1
pI2,1430.67,0
P22,1435.87,0
P23,1435.87,1
pI2,1435.87,1
P23,1435.87,0
p0,1439.01,1
p0,1439.01,2
p0,1439.01,1
P11,1439.01,1
p0,1439.01,0
P11,1439.01,2
P11,1439.01,1
P12,1439.01,1
pI1,1439.01,0
P12,1439.01,1
pI1,1439.01,0
p0,1439.66,1
p0,1439.66,2
p0,1439.66,1
P21,1439.66,1
p0,1439.66,0
P21,1439.66,2
P21,1439.66,1
P22,1439.66,1
pI2,1439.66,0
P22,1439.66,1
pI2,1439.66,0
p0,1440,0
p0,1440,0
pI1,1440,0
pI1,1440,0
P11,1440,0
P11,1440,0
P12,1440,1
P12,1440,1
P13,1440,0
P13,1440,0
pI2,1440,0
pI2,1440,0
P21,1440,0
P21,1440,0
P22,1440,1
P22,1440,1
P23,1440,0
P23,1440,0
